[{"@type":"mappingTemplate","id":"@1","name":"Mapping_RESTV2","description":"","autoExpireObject":false,"bundleVersion":"0","assetFrsGuid":"4J1utwBGR4BioxfKfcg8IZ","templateId":"@3","hasParameters":false,"valid":true,"fixedConnection":true,"hasParametersDeployed":false,"fixedConnectionDeployed":false,"isSchemaValidationEnabled":false,"tasks":0,"mappingPreviewFileRecordId":"@2","documentType":"MAPPING","allowMaxFieldLength":false,"specialCharacterSupport":false,"references":[{"@type":"reference","refObjectId":"@4GVpqNED6hLheKnDAZgusv","refType":"connection"},{"@type":"reference","refObjectId":"@9Qk2lEqKwE6hFYUpXhAAu4","refType":"connection"}]}]